"taxon","lfc_expA_G1G2","padj_expA_G1G2","lfc_expB_G1G2","padj_expB_G1G2","OrderName","anbc_lfc_expA_G1G2","anbc_padj_expA_G1G2","anbc_lfc_expB_G1G2","anbc_padj_expB_G1G2"
"6d04abd9e6bdf4989949634a5735a002",23.1251091616306,NA,NA,NA,"Micrarchaeales",NA,1,NA,NA
"0dcefd65571849dd41395e1d88748cee",23.4353499791962,NA,-0.932533159448648,NA,"Verrucomicrobiales",NA,1,0.3729361583769,1
"f7f640f0a3598e296a8b9c160258f919",23.9229431910551,NA,-6.03893654362413,NA,"Methylacidiphilales",NA,1,NA,1
"341476ed2ddccd9b810f20810c2169b1",-0.948716961283275,0.981349496124288,0.876160009682127,0.987217293744938,"Acidobacteriales",-1.43994960415684,0.735600429714439,-0.530337477530486,1
"7496671ed8f70f49b6f48d2368db5626",-22.4879629318208,NA,0.804326525686219,0.987217293744938,"Cyanobacteriales",NA,1,0.13919809610108,1
"efc1ec27585ebab02453b0b3ad210d4a",-2.24297616075744,NA,2.56728353383889,0.987217293744938,"Cytophagales",-2.20278301622112,1,1.45014605188378,1
"4e75934a4bf4dfd06f7ef1ec24c6c72c",-1.7452352252018,0.981349496124288,-9.06183921823562,0.0781935589151553,"AKYH767",NA,1,NA,1
"e48f184a1738f2ab51d3dd37db99ee47",24.7175314204043,1.93879638880571e-12,-8.49111574981001,0.0913012380138523,"Sphingobacteriales",NA,1,NA,1
"cba990f8b3d42525af59136619c45353",1.26987563029856,0.981349496124288,-0.572385516240994,0.987217293744938,"Bacteroidales",2.88871783040199,0.735600429714439,-0.974830883605034,1
"fef04cf977569f3ccadd9511eee52ad5",23.8350206983099,NA,1.13204880040606,0.987217293744938,"Baltobacterales",NA,1,1.14739823790016,1
"0f79094cae6cd434ba058b9fdd88d61d",-0.129194521511732,0.981349496124288,0.410779585673691,NA,"Fusobacteriales",-1.42615842072464,0.842174942123397,1.07974796592799,1
"6784ec90ade80686afc929fe409b8ac2",-0.68579179890288,0.981349496124288,-1.51839792889747,NA,"Fusobacteriales",-1.72285989816126,0.735600429714439,-0.0856771677092023,1
"0c1588fa28cc4e51970a81953867347f",22.964997872809,NA,21.5839372962918,NA,"Pirellulales",NA,1,NA,1
"f6fae744fd0df8cf57216d09b74c0c54",22.9789270392615,NA,1.27753045606957,0.987217293744938,"Isosphaerales",NA,1,0.432065966871443,1
"a2623a81506363cd410718d6f0a784c5",0.701726195256793,0.981349496124288,-1.2303147233699,0.987217293744938,"Veillonellales",0.30590490949358,1,-1.30406035131407,1
"ad4cd5d588129069899b6d0c45e64102",0.966384702378221,0.981349496124288,0.208919205463473,0.987217293744938,"Actinomycetales",0.596714059761642,1,-0.264664055298477,1
"bbde64bb39e1bcd06e22178c3b164a75",21.2892120532516,NA,22.6049515061764,NA,"Propionibacteriales",NA,1,NA,1
"14569551c45f41dc37a8a789b6c34e93",-1.84405214876139,NA,0.817933040231171,0.987217293744938,"Streptosporangiales",-1.86131969630374,1,2.00869507536644,1
"cdecb1c00aad4c9ee55bdae8d8c154d7",-2.06430658739881,0.881676268919465,0.280700680057854,0.987217293744938,"Mycobacteriales",-1.59474777558462,0.735600429714439,-0.481806285222146,1
"7e51b4b16965ac6a7d65eea594ecfeba",-1.43722137431074,0.981349496124288,-9.01391778586695,0.0781935589151553,"Ktedonobacterales",-1.89791980066763,0.735600429714439,NA,1
"7b4332d9b4fef3874246194bff33039e",-27.1501401904243,3.56933095107006e-14,-0.596323686230668,0.987217293744938,"Mycoplasmatales",NA,1,0.265705877911686,1
"01ed22048e8df4236768e3d7bea94c41",24.1587943898358,NA,1.87548935653188,0.987217293744938,"Coriobacteriales",NA,1,0.489597623156397,1
"a6684ce7c07660834ac05d6a898e43d5",-1.42722228483138,NA,0.197922935684259,0.987217293744938,"Erysipelotrichales",-2.36408175506207,0.735600429714439,-0.450005420761602,1
"990d16ab4495e7a080cc7ea6d3b6602e",23.3987178536356,NA,NA,NA,"UBA5066",NA,1,NA,NA
"7728dcc32fd62163bbcd131499f3644d",25.5122065409148,5.43253045359886e-13,-1.09557515934571,0.987217293744938,"Desulfobulbales",NA,1,-0.314655330845435,1
"f678158684fc17d8c7b44b7e124491e5",23.4462813854875,NA,NA,NA,"UBA796",NA,1,NA,NA
"7f9ee874b3f3cfa66c521ee9b16a71e0",23.9830028714093,NA,-8.8477406219991,0.0781935589151553,"Desulfomonilales",NA,1,NA,1
"707719bd2799b834ba0e74112fa489a0",22.8451235963565,NA,-6.05329977752056,NA,"Myxococcales",NA,1,NA,1
"cd96dc701c49df0b227c915d9ce9bc75",23.3900412796384,NA,-9.02212811580146,0.0781935589151553,"Polyangiales",NA,1,NA,1
"8550561c2fdadd7f67c40b816b48c1ef",-24.8277259790419,NA,NA,NA,"Oligoflexales",NA,1,NA,NA
"30688358cee6df00f97a09297ddf5434",23.2291151519073,NA,-0.991550582227905,0.987217293744938,"Micropepsales",NA,1,0.713921372851221,1
"202584e0410e749e15eaa0b3dc36620f",23.769746997269,NA,-21.8746128638711,NA,"Rhizobiales_A",NA,1,NA,1
"e26286d6540544a2832f60dfdf859586",2.41151716094417,0.981349496124288,2.02045442240983,NA,"Rhizobiales_A",0.405341724382971,1,0.430748734002101,1
"58c0a8cf76f6b0cb40a42ccf770f67b0",-0.0851031692213335,0.981349496124288,2.08595781181049,0.77699203813768,"Sphingomonadales",1.3449093186247,1,0.851431219137521,1
"f7228aa155bf10d455d8e02ad5f5980c",22.825182232682,NA,0.34076236406299,0.987217293744938,"Caulobacterales",NA,1,-0.370591206521403,1
"0aa415e2ba6a661bead2121028d9370a",-0.0634077370589108,0.981349496124288,1.16891950209639,0.987217293744938,"Rhizobiales_A",-1.49523799207297,1,1.69192528122677,1
"fd4b547fa11d2644e71220f8141dbed2",-1.01039549141631,0.981349496124288,1.31172271371491,0.987217293744938,"Unclassified Alphaproteobacteria",1.78420202688903,1,0.545190287013749,1
"a4252c85e0f176a7da5dc802d28b6fda",-23.0898909800633,NA,NA,NA,"Dongiales",NA,1,NA,NA
"076a3cdae4e19b9ebd3b1e867d50d50d",-25.8470480500458,NA,NA,NA,"Azospirillales",NA,1,NA,NA
"3b09c48d62fb18cfddc9cf9353cc5c0d",-0.144513219726124,0.981349496124288,-0.227659477734242,0.987217293744938,"Acetobacterales",-1.19560506245234,0.970297017244082,-0.7762937559435,1
"ae16f3705ee4d4b892616eb6d9a1c133",21.9171126533304,NA,NA,NA,"Reyranellales",NA,1,NA,NA
"c7f49d329f25df14c44c5de7bfb32112",22.7193831168784,NA,-7.73438629367989,0.106257151520697,"RF32",NA,1,NA,1
"f1170c4937094648423f1d76f7e2d8df",-2.17810774044111,NA,0.894695306686921,0.987217293744938,"Christensenellales",-3.71163676986597,0.735600429714439,-0.00245581567321657,1
"e17563b3df444656591db2ee65e212f1",2.12329791729969,0.981349496124288,-0.349318682395006,0.987217293744938,"Lachnospirales",0.803502103289407,0.735600429714439,-0.990078112868141,1
"9389cc5e24fcb8fd40794cda2f4a20f0",-3.47221375911592,NA,-8.25312169372621,0.0913012380138523,"Tissierellales",-1.60325771713376,1,NA,1
"6b5cefcaf2c763625299668325ee6e9f",24.0860125842208,NA,-0.619866485490844,0.987217293744938,"Clostridiales",NA,1,-0.248907903973668,1
"bed31d2068628f5ea4b04ff895c03c91",21.7409706811741,NA,1.211976340848,0.987217293744938,"Paenibacillales",NA,1,0.550475139660497,1
"e3e3014e2d09d44133f5a2cb53364b07",23.8650654363693,NA,-6.35099081814032,NA,"Alicyclobacillales",NA,1,NA,1
"27ca29a04c426a28399fb0ed50f16372",0.806912632008579,0.981349496124288,-1.80598519909774,0.987217293744938,"Peptostreptococcales",0.0435480589613178,1,-1.98838193867164,1
"566c5e9da9c7d5cef504e472c2abbd60",21.938638294717,NA,-1.01091386495376,0.987217293744938,"Desulfitobacteriales",NA,1,0.794012210623525,1
"aa935103e3f612d4a45a649b5acab4e0",13.9266660992676,8.03946657854528e-07,0.0980769298075461,0.987217293744938,"Oscillospirales",NA,1,-0.861281903042204,1
"9f872c9b2b6199958b38261da0c19fe1",24.0380739801165,NA,1.0410698591017,0.987217293744938,"Unclassified Clostridia",NA,1,0.0789733507241448,1
"f5b3f90bede327e1f2882eb30428f15c",-2.39996467417908,0.981349496124288,NA,NA,"IMCC26256",NA,1,NA,NA
"82080588026ce46c2e5cf3ff5e56fc66",-23.4297650525125,NA,-5.70196172445203,NA,"Bdellovibrionales",NA,1,NA,1
"fc327e4ececc2f4066a4fc1054bbdcab",11.063408320761,0.000921681671503186,0.331964059502875,0.987217293744938,"Xanthomonadales",6.88625155112312,0.208433926187031,-1.35656072719261,1
"1120c96058d65a55df61529e403b6a47",24.0963522231719,NA,-9.4860566218278,0.0781935589151553,"Xanthomonadales",NA,1,NA,1
"4888905151d87b45c37d8bfbc7c7baaa",2.20026474430974,0.981349496124288,0.0220930255152429,0.992912653897,"Unclassified Gammaproteobacteria",2.80646589273814,0.735600429714439,-1.04862984751097,1
"a921f7d48c056d2365fce6b17bdfbb71",4.95386896302002,0.563222106332512,0.513231218689123,NA,"Xanthomonadales",NA,1,1.09610201213372,1
"e1a2c54f302520b1bca56089503d77e0",25.3884415041894,5.43253045359886e-13,-1.27758599345731,NA,"Unclassified Bacilli",NA,1,-1.28144680552414,1
"59adeb7ec478fa7cb6a05ff40b9a34d2",6.52737235280375,NA,0.481938684482694,0.987217293744938,"Bacillales_A",NA,1,0.630393619361174,1
"0cb1a8f2800668e33b9ea3ba43e1fec6",0.848036872806094,0.981349496124288,-0.908521091098889,0.987217293744938,"Bacillales_B",-0.275820873527683,1,-1.30211160976971,1
"e8820a8b0ccb14b286019c21e8bfcf00",23.30394343082,NA,2.06416253681379,NA,"Bacillales_B",NA,1,1.75683278855142,1
"3c636322344866b001a6bb30722d7242",20.592403943994,NA,NA,NA,"Exiguobacterales",NA,1,NA,NA
"1a2518325e43623283d3ad6996e6a6dc",0.290162653570935,0.981349496124288,0.24736803832064,0.987217293744938,"Lactobacillales",0.850193478164888,1,-0.560555338923643,1
"c3c6b35a7e7fd0a56aab3c29bd47737b",-2.04394094828915,0.981349496124288,2.26432957190329,NA,"Staphylococcales",-2.02670487336209,0.328892695175228,0.0916032454789098,1
"4afd12be8b23a2d2b1932744ec60fdcd",24.9428660512077,NA,1.29412099354797,0.987217293744938,"Haloplasmatales_A",NA,1,0.451722477170843,1
"1355ee0e4102eda4798184a58389797f",-0.124394748151597,0.981349496124288,-0.924052414109807,0.987217293744938,"Enterobacterales_A",-0.189964347474982,1,-1.41737225551867,1
"1342e1df4714070ba6c899351d5fbe98",0.286224957469325,0.981349496124288,-0.499931452207703,0.987217293744938,"Desulfovibrionales",-0.640514759689831,0.970297017244082,-1.03550454562601,1
"860584d8b227992f389bc4f1f068c20e",0.405019051165102,NA,0.636206008012306,NA,"Aneurinibacillales",-0.0648543555348679,1,0.189301395800208,1
"8f09d0e9a896102f0926d8ddf73e7eb7",-25.349217827278,NA,3.54131121947876,NA,"Burkholderiales",NA,1,NA,1
"5f9c632fdbb71b06c495aed0fa3795ea",-0.723633942769581,NA,1.00447319111294,NA,"Burkholderiales",2.03246893056485,0.970297017244082,1.82161289678701,1
"f65f1bdf4c9a0c2a098c5550d734cc52",-8.17738163607832,NA,-2.35185106428581,0.987217293744938,"Burkholderiales",-6.00350387639139,1,-1.489732774551,1
"840e9b2c8fd818543742cadaaabbacd8",4.83054342839285,0.563222106332512,-0.566014779290153,0.987217293744938,"Burkholderiales",2.45593730238251,0.735600429714439,-0.842116737642343,1
"dc37dab042e0f652bba8cacb048bbc87",25.8282477308154,3.99286317046612e-13,-0.0769874237557951,0.987217293744938,"Campylobacterales",NA,1,-0.644013354244402,1
"0fdeaf3282ab2f5a5a768cd83c4355d4",-1.43867889352409,0.981349496124288,1.22060136015072,0.987217293744938,"Burkholderiales",-1.65944816136,0.735600429714439,-0.397677939489104,1
"7f8923e6de6b6a07954cfbfc8ffa0e9b",25.4977569758984,NA,0.191739285411565,0.987217293744938,"Steroidobacterales",NA,1,-0.16949765563215,1
"f36c161e4341ca7c0fd5d7615f736706",-1.51350863551076,0.981349496124288,0.494205044856294,0.987217293744938,"Pseudomonadales",-1.32947465562047,0.735600429714439,-0.351849778621256,1
"5f92ec0b039c9127715e033a44803b16",0.211142487756526,0.981349496124288,-0.0935203568149283,0.987217293744938,"Pseudomonadales",0.0513523598898571,1,-0.699374862281504,1
"dfbeb16dc2a296d2c4e5c21e28455dd2",NA,NA,0.679269544156267,NA,"Paceibacterales",NA,NA,NA,1
"eb6cbd27c7d568fe500ff82ee43b962f",NA,NA,-6.30909553375093,NA,"Saccharimonadales",NA,NA,NA,1
"173ca1552c607c680889b30f43d7f026",NA,NA,-5.5951807175987,NA,"Nitrososphaerales",NA,NA,NA,1
"513ceaf783e8c8bf475e73597ea86e84",NA,NA,-5.19907357736273,NA,"Methanomicrobiales",NA,NA,NA,1
"ae433a296aec19de408365cd099aa014",NA,NA,-3.65316178815443,NA,"Methanosarcinales_A",NA,NA,NA,1
"a31a10ce6c2ec7680bb90c065d9e5bf8",NA,NA,-5.19907357736273,NA,"Methanobacteriales",NA,NA,NA,1
"835c646a619cfb59f032918f6d6724b1",NA,NA,-1.55550916943171,NA,"Thermoplasmatales",NA,NA,0.0147413273393886,1
"b212c07c7a19c7ac62501eb81de4309f",NA,NA,-4.95100539144797,NA,"Unclassified Thermoplasmata",NA,NA,NA,1
"96f24210730503524690942a9f92209d",NA,NA,-4.12024195282593,NA,"Unclassified Thermoplasmatota",NA,NA,NA,1
"f15f07245f54c66679495fae9d732863",NA,NA,-5.93135249879732,NA,"Moranbacterales",NA,NA,NA,1
"aed55ba99c56a108bd2dd2770cdcadd5",NA,NA,-7.45730864760026,0.115419593550996,"UBA6257",NA,NA,NA,1
"bf9be3c104ea0c19d3f4b41dd1862a89",NA,NA,0.679269544156266,NA,"Unclassified Paceibacteria",NA,NA,NA,1
"adf021246bf5a52687193edea42671ef",NA,NA,4.05157549177466,NA,"Babeliales",NA,NA,2.32254123510992,1
"fec95878e9323087b609f4cd86b3cc8b",NA,NA,-7.70535105158497,0.106257151520697,"Opitutales",NA,NA,NA,1
"27fe959fc5676ff4d01c6c377a721dba",NA,NA,-7.49784046710649,0.112160032762161,"Chthoniobacterales",NA,NA,NA,1
"e5d84d0b9dd8040fcdac521fada728a8",NA,NA,0.981002911703554,0.987217293744938,"Pedosphaerales",NA,NA,1.03961229401645,1
"2baed607df0180fb011d8d4d05fb8819",NA,NA,-5.09222799575726,NA,"Aminicenantales",NA,NA,NA,1
"0343e81e103065e65dcaa2637ec66d2b",NA,NA,-6.70651115567293,NA,"UBA6215",NA,NA,NA,1
"dd9b21267e54cffd2e68a96e49c57045",NA,NA,-6.09176097078319,NA,"SKK-01",NA,NA,NA,1
"38fe7cdad46ee97cd12b232f8cd2aca7",NA,NA,3.60141897254583,NA,"GIF10",NA,NA,2.2440832407403,1
"51f15bf76a4dcfa2c7abed002ebe70bc",NA,NA,-6.20135026159501,NA,"Acidoferrales",NA,NA,NA,1
"21d86b5d037137872916eda48e650a62",NA,NA,22.6208884792292,NA,"Tepidiformales",NA,NA,NA,1
"f0fe173a356d624ed9d087e5e114d9d8",NA,NA,-7.92848889705699,0.0990674973522331,"Anaerolineales",NA,NA,NA,1
"2e57b76efd5a2048c37546212f61eed8",NA,NA,1.9214475719084,NA,"Limnocylindrales",NA,NA,2.38283906808734,1
"1fec1ed0027d30ef5f80f65c663bafc5",NA,NA,5.51027802961135,NA,"Aggregatilineales",NA,NA,3.56593654186007,1
"f6eaae49255d7f406d993b58cb0d0110",NA,NA,-5.12102873156775,NA,"Unclassified Anaerolineae",NA,NA,NA,1
"d26c7eda8a0051d840633afa3d3d528d",NA,NA,-5.88829975776806,NA,"Dormibacterales",NA,NA,NA,1
"89ab06a3f840f6f974b9fa289af4974a",NA,NA,-6.34111934091345,NA,"UBA1565",NA,NA,NA,1
"1991586b6583c5d8e5e5db978e7249c3",NA,NA,2.39538653157169,NA,"UBA7540",NA,NA,1.98401174486448,1
"9b014499e32815d4eea28f430878b671",NA,NA,-6.82297077813716,0.15771985265651,"UBA10030",NA,NA,NA,1
"8c9a21b986cababce8e7b9a0fe2defea",NA,NA,2.05452270019933,0.987217293744938,"Unclassified Bacteroidia",NA,NA,1.07672065086946,1
"dcfdd81870b4fa980f817c07e08e4925",NA,NA,-1.63290385854307,0.987217293744938,"Flavobacteriales",NA,NA,0.183201961835121,1
"02bc1896cf439ea5a251b96edbc44d88",NA,NA,-6.1214213818439,NA,"CAILMK01",NA,NA,NA,1
"609ec913c0ebb5d9e633a384d60b8fc1",NA,NA,3.20529158497702,0.469780624960872,"Chitinophagales",NA,NA,1.16242241665819,1
"2f17938c3dd36d203bc84e2d9478506b",NA,NA,-6.80421737412168,0.159361060978542,"Gemmatimonadales",NA,NA,NA,1
"112b8e495108a34b906472ab88df2e8c",NA,NA,1.48570131173697,NA,"Deinococcales",NA,NA,1.03185055603644,1
"a4a5ac8564fbf1db869ad667f4315eff",NA,NA,5.01823624608592,NA,"Planctomycetales",NA,NA,3.33789288035713,1
"98178a0328a8d69c28edd1a61f9e14d8",NA,NA,-5.03852002101097,NA,"Unclassified Planctomycetia",NA,NA,NA,1
"59470531649449e66a30d968901a4763",NA,NA,-6.26687425874696,0.112160032762161,"Gemmatales",NA,NA,-3.2336710753682,1
"d71eb8ea50f2ef8487a0dc1559746e8f",NA,NA,-21.9786559451112,NA,"Tepidisphaerales",NA,NA,NA,1
"568a6c846373e750ffea73ecc60e0ce2",NA,NA,-4.41003345980504,NA,"FEN-1346",NA,NA,NA,1
"68bcda32be34ff9e7cc262f6fe275be6",NA,NA,3.29025702198896,NA,"WQYP01",NA,NA,2.02850809445235,1
"d915961fff71b0b410365e024d4db38d",NA,NA,22.2863798767229,NA,"DSUL01",NA,NA,NA,1
"4b92a12c127f465eb0ed54ded1e3e329",NA,NA,3.39449874880165,NA,"Vicinamibacterales",NA,NA,2.72477468803295,1
"f097d2fe71a217b7141c07a95c81156c",NA,NA,-5.36770211851294,NA,"RBG-16-71-46",NA,NA,NA,1
"29bf965f923ca78447764713e8f2c56a",NA,NA,1.46092543545359,NA,"Chitinivibrionales",NA,NA,1.6385966498332,1
"aa0fccbbfb498555916e03c270754a34",NA,NA,-6.7230165604929,0.159361060978542,"Fibrobacterales",NA,NA,NA,1
"c7913edfda262b47b71f8cb7246a75f3",NA,NA,-0.101132671657826,0.987217293744938,"Treponematales",NA,NA,1.25697495326346,1
"a165bf51d50346e911f950396eded741",NA,NA,-7.11207581914124,0.137756401463705,"Selenomonadales",NA,NA,NA,1
"4a60afc8d30211637a46548f1397a6a3",NA,NA,-5.27311076537162,NA,"Sporomusales_A",NA,NA,NA,1
"3fbe30c40b6233edc057fe6d61dc7d7d",NA,NA,1.9947961016772,0.987217293744938,"Streptomycetales",NA,NA,1.86710468386407,1
"73a9c88945a6856ecee1788f675c8c9f",NA,NA,-6.4751418161754,NA,"UBA4820",NA,NA,NA,1
"8ddf8ae3826f084467066355b1b1c18a",NA,NA,-6.37782379117749,NA,"Unclassified Desulfobacterota_C",NA,NA,NA,1
"6c0daa89686e1183f155306637ce7ac4",NA,NA,-10.258230570276,0.0240640075000165,"Geobacterales",NA,NA,NA,1
"2ed42e281d82ea47653ea7a041553191",NA,NA,-5.5951807175987,NA,"Syntrophales",NA,NA,NA,1
"9104a5eda258f5144a21611e01ac30c5",NA,NA,-6.46580911711891,NA,"Desulfobaccales",NA,NA,NA,1
"9e3c0d7bc15f6411f76c1e933b5e7be0",NA,NA,-7.05372141058417,0.137756401463705,"RBG-13-43-22",NA,NA,NA,1
"7588fbabbc6b11e0a6fca04227ad87c4",NA,NA,-6.62532954652107,0.164477774189684,"Desulfobacterales",NA,NA,NA,1
"eabcda47bfc6fe69e343575506556994",NA,NA,-3.75722884512745,NA,"UBA2466",NA,NA,NA,1
"027bf31d5dffac4119349d436f1cab76",NA,NA,-6.34386882574687,NA,"Unclassified Methylomirabilota",NA,NA,NA,1
"426a4453ab2973d926b156da5710819a",NA,NA,2.93916840364898,NA,"Palsa-1104_A",NA,NA,2.57547664593656,1
"a0481ee991e274f24b9a0cfb805bdbbe",NA,NA,-6.48757329395163,NA,"Unclassified Myxococcota_A",NA,NA,NA,1
"a2794d9a683656c92fe04e0f5fe1e449",NA,NA,2.23065457520132,0.987217293744938,"Syntrophobacterales",NA,NA,1.87213773725527,1
"fdb513a85a39fafe95360eec69cadc50",NA,NA,-7.9112734923005,0.0990674973522331,"Rhodobacterales",NA,NA,NA,1
"850dd59997cd860e8fe18e3268e86e70",NA,NA,-5.34353399033671,NA,"Rhizobiales_A",NA,NA,NA,1
"3206015154602ad2f550885ff96e466e",NA,NA,-6.3983296579986,NA,"Rhizobiales_A",NA,NA,NA,1
"24ff1c1972e97418aad5ca65adbe81db",NA,NA,-4.54515725296704,NA,"UBA7879",NA,NA,NA,1
"02c588455cf584b99ce7da25edbe2e5b",NA,NA,-5.79813725310984,NA,"Geminicoccales",NA,NA,NA,1
"2bc13c74b7a9fd18f2b809c25ca134ce",NA,NA,-6.1214213818439,NA,"ATCC43930",NA,NA,NA,1
"e73096ccb9c6b2d19edd28aba6202d7c",NA,NA,2.94577024986605,NA,"Rhodospirillales",NA,NA,1.64642102325216,1
"40d5327bed1fddfb379c33d12322d361",NA,NA,3.68027155989787,NA,"Micavibrionales",NA,NA,2.15545613624436,1
"56608e86a31ec3abf3104bac70d18145",NA,NA,6.01292365521908,NA,"Chlamydiales",NA,NA,NA,1
"f1182280951cffb95bcbd92043756d94",NA,NA,-8.02186525545582,0.0990674973522331,"Unclassified Actinomycetia",NA,NA,NA,1
"47880c5414c7736dbd571762504cf790",NA,NA,-5.03852002101097,NA,"Syntrophomonadales",NA,NA,NA,1
"b37560fba4127cf6dde95d8884e33f3c",NA,NA,-6.1609602395873,NA,"UBA10575",NA,NA,NA,1
"078cdbc288edeac9b14375fd53e917e0",NA,NA,-7.0202136156564,0.137756401463705,"Desulfotomaculales",NA,NA,NA,1
"9e5949b0b1b6380b202751c036548568",NA,NA,2.04422379472804,NA,"Thermoactinomycetales",NA,NA,0.930934687204758,1
"4c65fe994172a674fb753d63c6f93f9a",NA,NA,1.06361246503236,0.987217293744938,"Thermoactinomycetales",NA,NA,1.40067263428473,1
"972ea83ac654db049e792d82c2463795",NA,NA,-5.53626350025163,NA,"OPB41",NA,NA,NA,1
"35f2f16241413259e916d3ad617b8418",NA,NA,-6.57161640341431,NA,"Desulfotomaculales",NA,NA,NA,1
"60c6622e553962a5dcb78fbe549ab7fa",NA,NA,-5.16618250824519,NA,"Armatimonadales",NA,NA,NA,1
"1f9077ccef6468636305a51b2aed42ba",NA,NA,-6.30909553375093,NA,"Unclassified Firmicutes_B",NA,NA,NA,1
"8623e5254d0b3aa394bee4c45caf09b8",NA,NA,-4.95100539144797,NA,"UBA8346",NA,NA,NA,1
"4118c752bf241af040596d03c7a366ff",NA,NA,-8.44783363404146,0.0913012380138523,"Dehalobacteriales",NA,NA,NA,1
"30be3f21e278e5b6e83bba62d455fa91",NA,NA,-5.70196172445203,NA,"Acidulodesulfobacterales",NA,NA,NA,1
"3f98d23eb2352e0000bc95ca0f2e54ff",NA,NA,-6.73298791866665,NA,"Unclassified Firmicutes_A",NA,NA,NA,1
"3feda796315faa84c5366c52d7dc744b",NA,NA,-6.70651115567293,NA,"Saccharofermentanales",NA,NA,NA,1
"8b12eed8391d6efd6c1de53ed3effc17",NA,NA,-3.95012232739946,NA,"Halanaerobiales",NA,NA,NA,1
"83ed7de6a0f63ad7ef724503e04498c0",NA,NA,2.43602561864282,NA,"TANB77",NA,NA,2.10063095191707,1
"076c61006330e0bfe32b4ca22c3778ce",NA,NA,-6.12922334148804,NA,"RF39",NA,NA,NA,1
"ad953ff4d9c0f21e967986d390bd2a11",NA,NA,-6.5826695510928,NA,"Ignavibacteriales",NA,NA,NA,1
"029bdcfeee7f09ec337010a17c9945d9",NA,NA,-8.97749485529647,0.0781935589151553,"Acetivibrionales",NA,NA,NA,1
"c2a6b8375554b9e6a5eb75880d6e4504",NA,NA,3.55383652609329,0.708843931118675,"Bryobacterales",NA,NA,2.31085387833428,1
"b35e61c24debef5636f49b6fed9ad82d",NA,NA,-6.06261125163118,NA,"Gastranaerophilales",NA,NA,NA,1
"b43f947a248adca972f00fa6ed458dcb",NA,NA,-6.1609602395873,NA,"DTJY01",NA,NA,NA,1
"ec3ee7dacd24bb66173f5d85c5d6e2e4",NA,NA,1.84177319049375,0.987217293744938,"Solirubrobacterales",NA,NA,1.69790107444112,1
"cf12592db84b8fe64eff91c601ee388a",NA,NA,5.11791275353719,NA,"Unclassified Actinobacteriota",NA,NA,3.24259447450091,1
"9b1614e795daf36d080a0409abbb7975",NA,NA,-1.27326739419891,NA,"Acidimicrobiales",NA,NA,0.171183408836798,1
"bdf0ea93b3ca780772bb33c873610638",NA,NA,-5.03852002101097,NA,"Fimbriimonadales",NA,NA,NA,1
"b1ada5450306be8190fe085fc59a5954",NA,NA,-1.71352911575957,NA,"Gaiellales",NA,NA,-1.59578416419003,1
"7d952f43664b4082d9801903c3653320",NA,NA,-0.866139771058526,0.987217293744938,"Leptospirillales",NA,NA,0.293798115448383,1
"9e05df9739667289c16f6685650413f6",NA,NA,-5.99585523803422,NA,"UBA1113",NA,NA,NA,1
"5ac7ed6d0ed5ddd5769ba5ec553468bb",NA,NA,-6.47010135566218,NA,"Unclassified Verrucomicrobiota",NA,NA,NA,1
"cdfc4f0ac2f21b78873017c5a368b99b",NA,NA,-6.16573743683341,NA,"Leptolyngbyales",NA,NA,NA,1
"d6861de89e8c6f692a58a6a6e2a0e3c1",NA,NA,-5.48793512489363,NA,"Unclassified Cyanobacteriia",NA,NA,NA,1
"1f6eef91cea08599638ee46a4c7e7c99",NA,NA,3.17976994471553,NA,"Berkiellales",NA,NA,1.86145576249388,1
"b1027ab906ae1c9f582c251f422ba320",NA,NA,-8.36711582871569,0.0913012380138523,"Diplorickettsiales",NA,NA,NA,1
"b43ce90dec6cb8ae947431e0b474a9a2",NA,NA,-3.95012232739946,NA,"Nevskiales",NA,NA,NA,1
"8ba690413c85a2d1ca07752c7530803c",NA,NA,0.571989781936118,0.987217293744938,"Acidithiobacillales",NA,NA,-0.289272197163985,1
"5a44d3b6635b35994d21f4c9c87ed91e",NA,NA,-6.82091924861125,NA,"Acidiferrobacterales",NA,NA,NA,1
"ec7d2fab65ba478da5c32c9a7594642e",NA,NA,-9.21074418194033,0.0781935589151553,"Holophagales",NA,NA,NA,1
"705158eef551ec080dd66226b645c0fe",NA,NA,3.28403213712812,NA,"Bacillales_D",NA,NA,1.97184309409393,1
"98efba6e4e3e6a0f52c2727c91619f72",NA,NA,-1.1873059078275,NA,"Bacillales_B",NA,NA,-1.30927171270515,1
"e014f641a0b6637a8f4d8d284864cf41",NA,NA,-6.5161350913578,NA,"Bacillales_B",NA,NA,NA,1
"d8ec63d34841f558e0adca3e1f9c4f62",NA,NA,20.3145567568701,NA,"Thermicanales",NA,NA,NA,1
"799c62de1cb7a2e0b684a84f71727fe5",NA,NA,-5.53626350025163,NA,"ML615J-28",NA,NA,NA,1
"7fc609ab114eea9bd59352810ca76b81",NA,NA,-5.36770211851294,NA,"Pseudomonadales",NA,NA,NA,1
"9d73bb75b2b0d4355dd3834662ef61b4",NA,NA,-10.2830243748419,0.0240640075000165,"Burkholderiales",NA,NA,NA,1
"5031d3b48403eb538f2d9db5530d6b66",NA,NA,-6.48757329395163,NA,"Burkholderiales",NA,NA,NA,1
"58b0b02468dbe1a3d123dcc7acedd4fb",NA,NA,-6.62403426845298,NA,"Burkholderiales",NA,NA,NA,1
"41a748491bbb6a2abeeddbe6ba353232",NA,NA,-3.95012232739946,NA,"Burkholderiales",NA,NA,NA,1
"f9282cf29faf2398e93e8d9cff5c232d",NA,NA,-5.09222799575726,NA,"Burkholderiales",NA,NA,NA,1
"5ca129736d688e118ec61cd434564e52",NA,NA,-5.16618250824519,NA,"Bin18",NA,NA,NA,1
"61cafc87e9a8ec02baa9509c03357719",NA,NA,-6.5161350913578,NA,"Methylococcales",NA,NA,NA,1
"5ecb86f928e969dfb9be100707b8401b",NA,NA,-5.41067884215511,NA,"UBA9339",NA,NA,NA,1
"bc2d8c4af67fdd3f95764063f23a4ac3",NA,NA,-6.19944475003939,NA,"Coxiellales",NA,NA,NA,1
"062a74c18b8837d87c59a6f1c09714bb",NA,NA,-5.19907357736273,NA,"GCA-2729495",NA,NA,NA,1
"8e9d54743a37f15f6bb1e791952e3987",NA,NA,-6.44342670263221,NA,"Pseudomonadales",NA,NA,NA,1
"c52225a74d118e32d0834853b27159b5",NA,NA,-3.18304996411619,NA,"DSM-16500",NA,NA,-2.45487103448182,1
"88a077c9e28abbb58af146d986d1af12",NA,NA,-5.03852002101097,NA,"Legionellales_A",NA,NA,NA,1
"30296c3ec9a0b374e24bbb6c45931eea",NA,NA,-5.16618250824519,NA,"Pseudomonadales",NA,NA,NA,1
"a8703b4c215413b89a7475cdd6420ff0",NA,NA,-4.99515179212801,NA,"Pseudomonadales",NA,NA,-3.84526773627642,1
"b50f15e9131393d6ed0fb41d6e039af6",NA,NA,-6.2522795746056,NA,"Unclassified Proteobacteria",NA,NA,NA,1
