"taxon","lfc_oat_G2","padj_oat_G2","lfc_oat_G3","padj_oat_G3","lfc_wheat_G2","padj_wheat_G2","lfc_wheat_G3","padj_wheat_G3","OrderName","oat_same_direction","oat_any_sig","oat_arrow","wheat_same_direction","wheat_any_sig","wheat_arrow"
"835c646a619cfb59f032918f6d6724b1",-25.7083118572983,6.03827718524988e-13,25.5956460763047,2.45889919575904e-13,-4.06247548457574,0.984635073753912,NA,NA,"Thermoplasmatales",FALSE,TRUE,"",FALSE,FALSE,""
"6d04abd9e6bdf4989949634a5735a002",0.336684397859314,NA,NA,NA,NA,NA,NA,NA,"Micrarchaeales",FALSE,FALSE,"",FALSE,FALSE,""
"028fdac2f188769b60fd4cf260372fcb",-21.1344452592698,NA,NA,NA,NA,NA,NA,NA,"Peribacterales",FALSE,FALSE,"",FALSE,FALSE,""
"0dcefd65571849dd41395e1d88748cee",23.8415495056954,NA,-21.5506670980193,NA,-1.05927287354916,NA,NA,NA,"Verrucomicrobiales",FALSE,FALSE,"",FALSE,FALSE,""
"f7f640f0a3598e296a8b9c160258f919",23.7836423783564,NA,NA,NA,NA,NA,NA,NA,"Methylacidiphilales",FALSE,FALSE,"",FALSE,FALSE,""
"050d101aa8c55d897943814d09a3a7a7",-22.8083680409516,NA,NA,NA,NA,NA,NA,NA,"UBA2199",FALSE,FALSE,"",FALSE,FALSE,""
"341476ed2ddccd9b810f20810c2169b1",0.535692869315494,0.975146461204518,1.1233456367442,0.989542090929423,1.28566686588246,0.995169205101226,0.976478087430769,0.99577218501488,"Acidobacteriales",TRUE,FALSE,"",TRUE,FALSE,""
"f0fe173a356d624ed9d087e5e114d9d8",-24.9200896555924,NA,-0.22960785854328,NA,NA,NA,23.6335792870135,NA,"Anaerolineales",TRUE,FALSE,"",FALSE,FALSE,""
"2e57b76efd5a2048c37546212f61eed8",-24.5097835861454,NA,25.1396528085435,NA,23.2921119024024,NA,NA,NA,"Limnocylindrales",FALSE,FALSE,"",FALSE,FALSE,""
"1991586b6583c5d8e5e5db978e7249c3",-23.6981754609329,NA,NA,NA,23.1606914387099,NA,NA,NA,"UBA7540",FALSE,FALSE,"",FALSE,FALSE,""
"efc1ec27585ebab02453b0b3ad210d4a",5.92836695344829,NA,NA,NA,0.442380760475718,0.995169205101226,NA,NA,"Cytophagales",FALSE,FALSE,"",FALSE,FALSE,""
"4e75934a4bf4dfd06f7ef1ec24c6c72c",-22.5085882178766,NA,NA,NA,-21.3414265529089,NA,NA,NA,"AKYH767",FALSE,FALSE,"",FALSE,FALSE,""
"609ec913c0ebb5d9e633a384d60b8fc1",-24.4267678851189,2.88194929348731e-12,24.3427232907914,NA,0.107738249652884,0.995169205101226,NA,NA,"Chitinophagales",FALSE,TRUE,"",FALSE,FALSE,""
"e48f184a1738f2ab51d3dd37db99ee47",24.6633370762018,2.28800246193818e-12,NA,NA,NA,NA,NA,NA,"Sphingobacteriales",FALSE,TRUE,"",FALSE,FALSE,""
"cba990f8b3d42525af59136619c45353",0.412505400069476,0.975146461204518,0.754356107853198,0.989542090929423,-0.279596565129398,0.995169205101226,-0.0324002351082104,0.99577218501488,"Bacteroidales",TRUE,FALSE,"",TRUE,FALSE,""
"fef04cf977569f3ccadd9511eee52ad5",23.9431562123988,NA,NA,NA,23.3356258479861,NA,NA,NA,"Baltobacterales",FALSE,FALSE,"",FALSE,FALSE,""
"0f79094cae6cd434ba058b9fdd88d61d",25.5439227223442,6.03827718524988e-13,21.6417648008843,NA,-0.637326401546052,NA,NA,NA,"Fusobacteriales",TRUE,TRUE,"↑O",FALSE,FALSE,""
"6784ec90ade80686afc929fe409b8ac2",1.39619173493011,0.975146461204518,NA,NA,-0.659752670815153,NA,-26.7865983389098,4.54918562147364e-10,"Fusobacteriales",FALSE,FALSE,"",TRUE,TRUE,"↓W"
"112b8e495108a34b906472ab88df2e8c",-6.18216071860606,NA,NA,NA,22.6285696547031,NA,NA,NA,"Deinococcales",FALSE,FALSE,"",FALSE,FALSE,""
"0c1588fa28cc4e51970a81953867347f",23.118269421355,NA,NA,NA,1.16753756663142,NA,NA,NA,"Pirellulales",FALSE,FALSE,"",FALSE,FALSE,""
"f6fae744fd0df8cf57216d09b74c0c54",-0.708155113287126,0.975146461204518,-1.31758888626511,NA,0.675874587007938,0.995169205101226,NA,NA,"Isosphaerales",TRUE,FALSE,"",FALSE,FALSE,""
"29bf965f923ca78447764713e8f2c56a",-24.7856030853216,NA,NA,NA,24.0720343539918,NA,NA,NA,"Chitinivibrionales",FALSE,FALSE,"",FALSE,FALSE,""
"a2623a81506363cd410718d6f0a784c5",0.802565812298456,0.975146461204518,2.35880263678449,0.989542090929423,-0.640596766646536,0.995169205101226,0.452504952734614,0.99577218501488,"Veillonellales",TRUE,FALSE,"",FALSE,FALSE,""
"ad4cd5d588129069899b6d0c45e64102",-0.702978314510589,0.975146461204518,-0.18129091862575,0.989542090929423,-0.238403072312735,0.995169205101226,0.48788057110852,0.99577218501488,"Actinomycetales",TRUE,FALSE,"",FALSE,FALSE,""
"bbde64bb39e1bcd06e22178c3b164a75",6.12837436037388,NA,4.42939579621886,0.331596460735736,5.60321211453256,NA,2.3901484034313,0.96866048486055,"Propionibacteriales",TRUE,FALSE,"",TRUE,FALSE,""
"14569551c45f41dc37a8a789b6c34e93",-1.07432968821747,0.975146461204518,23.4035206900077,NA,0.701254690188462,NA,20.4020612664982,NA,"Streptosporangiales",FALSE,FALSE,"",TRUE,FALSE,""
"cdecb1c00aad4c9ee55bdae8d8c154d7",-1.3720456750852,0.975146461204518,-0.18233159908262,0.989542090929423,0.223948310266132,0.995169205101226,-1.19767279361985,0.99577218501488,"Mycobacteriales",TRUE,FALSE,"",FALSE,FALSE,""
"7e51b4b16965ac6a7d65eea594ecfeba",25.5239660026749,6.03827718524988e-13,NA,NA,-24.9478724947435,8.66888885583766e-12,NA,NA,"Ktedonobacterales",FALSE,TRUE,"",FALSE,TRUE,""
"01ed22048e8df4236768e3d7bea94c41",24.0954245903623,NA,23.5921426631229,NA,-0.246340156441277,0.995169205101226,NA,NA,"Coriobacteriales",TRUE,FALSE,"",FALSE,FALSE,""
"a6684ce7c07660834ac05d6a898e43d5",-0.0408590137714189,0.997542662833418,-0.333300706612705,0.989542090929423,0.693616225707437,0.995169205101226,-0.132830174320277,0.99577218501488,"Erysipelotrichales",TRUE,FALSE,"",FALSE,FALSE,""
"990d16ab4495e7a080cc7ea6d3b6602e",22.3724080295873,NA,NA,NA,NA,NA,NA,NA,"UBA5066",FALSE,FALSE,"",FALSE,FALSE,""
"7728dcc32fd62163bbcd131499f3644d",1.64674285656068,0.975146461204518,25.6118899552868,2.45889919575904e-13,23.595783755347,4.0288738597724e-11,20.0107289906465,NA,"Desulfobulbales",TRUE,TRUE,"↑O",TRUE,TRUE,"↑W"
"6c0daa89686e1183f155306637ce7ac4",-24.6672181441896,NA,NA,NA,NA,NA,NA,NA,"Geobacterales",FALSE,FALSE,"",FALSE,FALSE,""
"61c080a2b30136df6c80642b1926c78e",-23.7636150092009,NA,NA,NA,NA,NA,NA,NA,"SZUA-149",FALSE,FALSE,"",FALSE,FALSE,""
"f678158684fc17d8c7b44b7e124491e5",23.5924337082005,NA,NA,NA,NA,NA,NA,NA,"UBA796",FALSE,FALSE,"",FALSE,FALSE,""
"7f9ee874b3f3cfa66c521ee9b16a71e0",-0.224754761254362,NA,NA,NA,-24.4470514965598,NA,NA,NA,"Desulfomonilales",FALSE,FALSE,"",FALSE,FALSE,""
"fa5a3856d765788bbb43e6c6e8f7ee9d",-24.3011145016537,NA,NA,NA,NA,NA,NA,NA,"UBA4151",FALSE,FALSE,"",FALSE,FALSE,""
"707719bd2799b834ba0e74112fa489a0",23.5087689564765,NA,NA,NA,-24.6840503079251,NA,NA,NA,"Myxococcales",FALSE,FALSE,"",FALSE,FALSE,""
"cd96dc701c49df0b227c915d9ce9bc75",-2.75883753074485,0.975146461204518,NA,NA,NA,NA,22.809222327337,NA,"Polyangiales",FALSE,FALSE,"",FALSE,FALSE,""
"30688358cee6df00f97a09297ddf5434",22.6361322803507,NA,NA,NA,22.8144107133273,NA,-26.6169729041405,4.54918562147364e-10,"Micropepsales",FALSE,FALSE,"",FALSE,TRUE,""
"fdb513a85a39fafe95360eec69cadc50",-25.443293974078,6.03827718524988e-13,-1.59510758700683,0.989542090929423,-9.71410882728136,0.013048792013329,-1.7547385331022,NA,"Rhodobacterales",TRUE,TRUE,"↓O",TRUE,TRUE,"↓W"
"202584e0410e749e15eaa0b3dc36620f",23.9349351249055,NA,NA,NA,NA,NA,NA,NA,"Rhizobiales_A",FALSE,FALSE,"",FALSE,FALSE,""
"3206015154602ad2f550885ff96e466e",-24.280913466992,NA,NA,NA,-21.9041958084697,NA,NA,NA,"Rhizobiales_A",FALSE,FALSE,"",FALSE,FALSE,""
"e26286d6540544a2832f60dfdf859586",5.15737340217322,0.424666542214857,6.02950824016514,NA,0.0174625868840423,0.995169205101226,5.67240483837719,0.403119927946415,"Rhizobiales_A",TRUE,FALSE,"",TRUE,FALSE,""
"58c0a8cf76f6b0cb40a42ccf770f67b0",-0.790058823816816,0.975146461204518,-1.82908028179559,0.852427981984873,0.0159745407428262,0.995169205101226,-1.61110308932816,0.96866048486055,"Sphingomonadales",TRUE,FALSE,"",FALSE,FALSE,""
"f7228aa155bf10d455d8e02ad5f5980c",-1.32052798758025,NA,21.6290855876082,NA,8.93452280506083,0.0718436264570661,22.5946713247287,NA,"Caulobacterales",FALSE,FALSE,"",TRUE,FALSE,""
"0aa415e2ba6a661bead2121028d9370a",-2.34974340877944,0.975146461204518,-0.2978346415289,0.989542090929423,7.02686478133222,0.142468887782144,-0.100148374813462,0.99577218501488,"Rhizobiales_A",TRUE,FALSE,"",FALSE,FALSE,""
"fd4b547fa11d2644e71220f8141dbed2",24.5167482352312,2.70343636395766e-12,26.0717534500523,NA,24.474248293928,1.22656975247305e-11,23.5814374385923,NA,"Unclassified Alphaproteobacteria",TRUE,TRUE,"↑O",TRUE,TRUE,"↑W"
"3b09c48d62fb18cfddc9cf9353cc5c0d",0.823492584211037,0.975146461204518,-2.0550735562191,0.989542090929423,0.0964120090707524,0.995169205101226,24.2638143485636,NA,"Acetobacterales",FALSE,FALSE,"",TRUE,FALSE,""
"ae16f3705ee4d4b892616eb6d9a1c133",21.91206682348,NA,NA,NA,NA,NA,NA,NA,"Reyranellales",FALSE,FALSE,"",FALSE,FALSE,""
"c7f49d329f25df14c44c5de7bfb32112",23.3666896801581,NA,NA,NA,-24.1179566675932,NA,NA,NA,"RF32",FALSE,FALSE,"",FALSE,FALSE,""
"56608e86a31ec3abf3104bac70d18145",-24.3232567844707,NA,NA,NA,6.20446661928913,NA,23.8773769405157,NA,"Chlamydiales",FALSE,FALSE,"",TRUE,FALSE,""
"f1182280951cffb95bcbd92043756d94",-21.7459667148216,NA,NA,NA,-23.8012150458129,NA,NA,NA,"Unclassified Actinomycetia",FALSE,FALSE,"",FALSE,FALSE,""
"f1170c4937094648423f1d76f7e2d8df",-0.437332722579066,0.985781874473529,2.00344635871365,0.989542090929423,1.39054857016386,0.995169205101226,-0.895826262777301,0.99577218501488,"Christensenellales",FALSE,FALSE,"",FALSE,FALSE,""
"e17563b3df444656591db2ee65e212f1",1.50849724515681,0.975146461204518,-0.0545035903872897,0.989542090929423,-0.41332772242438,0.995169205101226,0.867591840499217,0.99577218501488,"Lachnospirales",FALSE,FALSE,"",FALSE,FALSE,""
"9389cc5e24fcb8fd40794cda2f4a20f0",24.0561874345226,NA,0.0265871025732854,NA,-1.30801055449157,0.995169205101226,12.648078489076,5.78935316996008e-05,"Tissierellales",TRUE,FALSE,"",FALSE,TRUE,""
"6b5cefcaf2c763625299668325ee6e9f",-1.87167047304183,0.975146461204518,26.1831955265043,1.5223304432274e-13,-0.239019314604286,0.995169205101226,-12.8241172960842,0.000403821913998108,"Clostridiales",FALSE,TRUE,"",TRUE,TRUE,"↓W"
"bed31d2068628f5ea4b04ff895c03c91",-0.0932888438641977,NA,-24.6783864936095,NA,-0.364583207032455,0.995169205101226,-25.6573160485397,1.38787924161774e-09,"Paenibacillales",TRUE,FALSE,"",TRUE,TRUE,"↓W"
"e3e3014e2d09d44133f5a2cb53364b07",23.8570961869758,NA,NA,NA,NA,NA,-26.0441579763629,9.37465306704267e-10,"Alicyclobacillales",FALSE,FALSE,"",FALSE,TRUE,""
"27ca29a04c426a28399fb0ed50f16372",2.35063173539459,0.975146461204518,25.9379534780205,1.68402145571399e-13,0.66080644092251,0.995169205101226,-1.92650588939896,NA,"Peptostreptococcales",TRUE,TRUE,"↑O",FALSE,FALSE,""
"566c5e9da9c7d5cef504e472c2abbd60",-0.777052038725598,NA,-5.9161440377693,NA,-0.77293473871323,NA,22.7116134319034,NA,"Desulfitobacteriales",TRUE,FALSE,"",FALSE,FALSE,""
"aa935103e3f612d4a45a649b5acab4e0",0.745778440172622,0.975146461204518,-0.63071388794173,0.989542090929423,0.75302084437722,0.995169205101226,-0.0175867775770863,0.99577218501488,"Oscillospirales",FALSE,FALSE,"",FALSE,FALSE,""
"9f872c9b2b6199958b38261da0c19fe1",23.6122596905953,NA,0.152323009077958,NA,2.07426298416176,0.995169205101226,-1.04391786666028,NA,"Unclassified Clostridia",TRUE,FALSE,"",FALSE,FALSE,""
"c2a6b8375554b9e6a5eb75880d6e4504",-25.1357041240539,NA,NA,NA,24.2241572595037,1.40452828160353e-11,-25.526470219924,1.5494854404057e-09,"Bryobacterales",FALSE,FALSE,"",FALSE,TRUE,""
"b35e61c24debef5636f49b6fed9ad82d",-25.5663200467784,NA,NA,NA,-23.6608725497747,NA,NA,NA,"Gastranaerophilales",FALSE,FALSE,"",FALSE,FALSE,""
"ec3ee7dacd24bb66173f5d85c5d6e2e4",-24.9626638184384,1.41919865748393e-12,23.5855142873995,NA,1.48205921865235,NA,23.5206437061691,4.4392314993761e-08,"Solirubrobacterales",FALSE,TRUE,"",TRUE,TRUE,"↑W"
"68733d76fa8687dccbdd9d9e8f387018",-25.495174881003,NA,NA,NA,NA,NA,NA,NA,"UBA5794",FALSE,FALSE,"",FALSE,FALSE,""
"cf12592db84b8fe64eff91c601ee388a",-21.6258107100141,NA,-5.18619107681594,0.400407223091475,23.3630338720847,NA,NA,NA,"Unclassified Actinobacteriota",TRUE,FALSE,"",FALSE,FALSE,""
"9b1614e795daf36d080a0409abbb7975",-24.15329025777,NA,2.30083592140905,0.989542090929423,-0.372724879943851,0.995169205101226,NA,NA,"Acidimicrobiales",FALSE,FALSE,"",FALSE,FALSE,""
"7d952f43664b4082d9801903c3653320",-25.8835680496607,NA,NA,NA,23.1943930530627,NA,NA,NA,"Leptospirillales",FALSE,FALSE,"",FALSE,FALSE,""
"82080588026ce46c2e5cf3ff5e56fc66",-22.918846574143,NA,NA,NA,NA,NA,NA,NA,"Bdellovibrionales",FALSE,FALSE,"",FALSE,FALSE,""
"fc327e4ececc2f4066a4fc1054bbdcab",1.10637925184361,0.975146461204518,1.65530973738873,0.989542090929423,0.480311748754399,0.995169205101226,-0.765443356206992,0.99577218501488,"Xanthomonadales",TRUE,FALSE,"",FALSE,FALSE,""
"1120c96058d65a55df61529e403b6a47",24.890711245299,NA,24.6902734769745,NA,NA,NA,NA,NA,"Xanthomonadales",TRUE,FALSE,"",FALSE,FALSE,""
"4888905151d87b45c37d8bfbc7c7baaa",0.595964839279323,0.975146461204518,-1.53562234200867,NA,-0.413078885880798,0.995169205101226,1.54347145033861,0.99577218501488,"Unclassified Gammaproteobacteria",FALSE,FALSE,"",FALSE,FALSE,""
"a921f7d48c056d2365fce6b17bdfbb71",5.01559821311515,0.559520508303833,NA,NA,24.4666180144977,NA,-27.1685189935667,4.54918562147364e-10,"Xanthomonadales",FALSE,FALSE,"",FALSE,TRUE,""
"c4d6b95f55599a9777faa913ffa99aad",-23.7638710039487,NA,-25.9512210403364,NA,NA,NA,23.9285717213542,NA,"Bacillales_H",TRUE,FALSE,"",FALSE,FALSE,""
"e1a2c54f302520b1bca56089503d77e0",1.10153466701144,0.975146461204518,21.1503192304077,NA,-1.37658355292854,NA,6.91455148466247,NA,"Unclassified Bacilli",TRUE,FALSE,"",FALSE,FALSE,""
"59adeb7ec478fa7cb6a05ff40b9a34d2",-3.45045118131326,NA,24.1337358257213,NA,4.78065746979645,NA,NA,NA,"Bacillales_A",FALSE,FALSE,"",FALSE,FALSE,""
"0cb1a8f2800668e33b9ea3ba43e1fec6",1.07009340926809,0.975146461204518,0.196829596737058,0.989542090929423,-0.904017618139631,0.995169205101226,0.801245658307909,0.99577218501488,"Bacillales_B",TRUE,FALSE,"",FALSE,FALSE,""
"e8820a8b0ccb14b286019c21e8bfcf00",-1.07612160423771,NA,21.4640566688,NA,22.8623458738802,NA,NA,NA,"Bacillales_B",FALSE,FALSE,"",FALSE,FALSE,""
"3c636322344866b001a6bb30722d7242",-4.12021459406092,NA,-26.2083606918416,1.5223304432274e-13,-23.8945037778999,NA,NA,NA,"Exiguobacterales",TRUE,TRUE,"↓O",FALSE,FALSE,""
"1a2518325e43623283d3ad6996e6a6dc",0.886414898985635,0.975146461204518,-0.417823816762249,0.989542090929423,0.262034581411183,0.995169205101226,-0.458383295585531,0.99577218501488,"Lactobacillales",FALSE,FALSE,"",FALSE,FALSE,""
"c3c6b35a7e7fd0a56aab3c29bd47737b",-0.00676177608552965,0.997542662833418,0.0951701418100524,0.989542090929423,1.84404753996358,NA,-0.750491903942187,0.99577218501488,"Staphylococcales",FALSE,FALSE,"",FALSE,FALSE,""
"4afd12be8b23a2d2b1932744ec60fdcd",24.8041008843108,NA,13.3777775337976,0.000103005196567602,1.57074524085599,0.995169205101226,24.9369866757625,NA,"Haloplasmatales_A",TRUE,TRUE,"↑O",TRUE,FALSE,""
"1355ee0e4102eda4798184a58389797f",-0.653895955860963,0.975146461204518,0.356910124894179,0.989542090929423,-1.56744498205923,0.995169205101226,1.60596987394085,0.96866048486055,"Enterobacterales_A",FALSE,FALSE,"",FALSE,FALSE,""
"1342e1df4714070ba6c899351d5fbe98",1.43347834318118,0.975146461204518,0.707949244640917,0.989542090929423,-0.498904905192325,0.995169205101226,0.0151223943819464,0.99577218501488,"Desulfovibrionales",TRUE,FALSE,"",FALSE,FALSE,""
"860584d8b227992f389bc4f1f068c20e",1.62376623803609,NA,20.5157791806884,NA,-0.631354567951039,NA,NA,NA,"Aneurinibacillales",TRUE,FALSE,"",FALSE,FALSE,""
"9d73bb75b2b0d4355dd3834662ef61b4",-22.3465233533071,NA,-4.36003552079293,0.58428312672001,NA,NA,-26.1849094560906,8.54587837030596e-10,"Burkholderiales",TRUE,FALSE,"",FALSE,TRUE,""
"5f9c632fdbb71b06c495aed0fa3795ea",-2.02481724585342,0.975146461204518,-26.1063646453567,1.5223304432274e-13,-0.72060973705168,0.995169205101226,-0.248411037671701,NA,"Burkholderiales",TRUE,TRUE,"↓O",TRUE,FALSE,""
"f65f1bdf4c9a0c2a098c5550d734cc52",-6.73183289074215,0.120621728238988,25.3819803592745,3.42034744917525e-13,-1.77150525450181,0.995169205101226,NA,NA,"Burkholderiales",FALSE,TRUE,"",FALSE,FALSE,""
"840e9b2c8fd818543742cadaaabbacd8",0.421033792951792,0.985781874473529,5.37504549450438,0.331596460735736,-1.16307887753885,0.995169205101226,2.38289837363562,0.96866048486055,"Burkholderiales",TRUE,FALSE,"",FALSE,FALSE,""
"dc37dab042e0f652bba8cacb048bbc87",-1.07819189601841,0.975146461204518,-3.10070809306496,0.852427981984873,0.337173041016079,0.995169205101226,-0.076008470515449,0.99577218501488,"Campylobacterales",TRUE,FALSE,"",FALSE,FALSE,""
"0fdeaf3282ab2f5a5a768cd83c4355d4",0.0211687144392632,0.997542662833418,-0.548086504421082,0.989542090929423,-0.224061763266757,0.995169205101226,0.760741905791668,0.99577218501488,"Burkholderiales",FALSE,FALSE,"",FALSE,FALSE,""
"7f8923e6de6b6a07954cfbfc8ffa0e9b",1.14555761137566,NA,NA,NA,-1.17189775625139,0.995169205101226,NA,NA,"Steroidobacterales",FALSE,FALSE,"",FALSE,FALSE,""
"f36c161e4341ca7c0fd5d7615f736706",-0.450482153708633,0.975146461204518,-0.024497597352041,0.989542090929423,0.0653315803219048,0.995169205101226,-0.349540828926425,0.99577218501488,"Pseudomonadales",TRUE,FALSE,"",FALSE,FALSE,""
"5f92ec0b039c9127715e033a44803b16",0.105117339274038,0.997542662833418,2.01776454490556,0.885932858953235,0.273097521090115,0.995169205101226,0.21320558522017,0.99577218501488,"Pseudomonadales",TRUE,FALSE,"",TRUE,FALSE,""
"eb6cbd27c7d568fe500ff82ee43b962f",NA,NA,-5.26800100581476,NA,NA,NA,NA,NA,"Saccharimonadales",FALSE,FALSE,"",FALSE,FALSE,""
"aed55ba99c56a108bd2dd2770cdcadd5",NA,NA,-5.7174171662376,NA,-23.8079308847646,NA,NA,NA,"UBA6257",FALSE,FALSE,"",FALSE,FALSE,""
"8745a29941fca9db8eff9653b35baf42",NA,NA,22.9374264744231,NA,NA,NA,NA,NA,"QHBO01",FALSE,FALSE,"",FALSE,FALSE,""
"514fc8efcc6a30607411c0c1aba9462b",NA,NA,-27.1706893310614,NA,NA,NA,NA,NA,"Pyrinomonadales",FALSE,FALSE,"",FALSE,FALSE,""
"8c9a21b986cababce8e7b9a0fe2defea",NA,NA,25.0828477817425,5.85074115641801e-13,0.739312230237443,0.995169205101226,NA,NA,"Unclassified Bacteroidia",FALSE,TRUE,"",FALSE,FALSE,""
"dcfdd81870b4fa980f817c07e08e4925",NA,NA,-22.6818836723475,NA,-3.19165249772607,NA,12.3691548064614,0.00168076652319991,"Flavobacteriales",FALSE,FALSE,"",FALSE,TRUE,""
"2f17938c3dd36d203bc84e2d9478506b",NA,NA,22.9361931157713,NA,NA,NA,NA,NA,"Gemmatimonadales",FALSE,FALSE,"",FALSE,FALSE,""
"958194b71dba50f260d4b31057cc2ca1",NA,NA,-1.99911932545684,0.989542090929423,NA,NA,NA,NA,"Unclassified Negativicutes",FALSE,FALSE,"",FALSE,FALSE,""
"7b4332d9b4fef3874246194bff33039e",NA,NA,-1.5665501451706,NA,21.7617025431518,NA,NA,NA,"Mycoplasmatales",FALSE,FALSE,"",FALSE,FALSE,""
"a0b7d7ad0d2e67087cc5d0a04dab7b41",NA,NA,-23.6608075742234,NA,-23.8788803513118,NA,NA,NA,"Rhizobiales_A",FALSE,FALSE,"",FALSE,FALSE,""
"a4252c85e0f176a7da5dc802d28b6fda",NA,NA,24.9121574905647,NA,NA,NA,NA,NA,"Dongiales",FALSE,FALSE,"",FALSE,FALSE,""
"51202c1296df14199a504c3624320f17",NA,NA,24.5674129877102,NA,NA,NA,NA,NA,"Rickettsiales",FALSE,FALSE,"",FALSE,FALSE,""
"9e5949b0b1b6380b202751c036548568",NA,NA,-0.58385091509931,NA,22.3312152059302,NA,NA,NA,"Thermoactinomycetales",FALSE,FALSE,"",FALSE,FALSE,""
"210bc7b4072ff6d3d85b96ca74593645",NA,NA,-6.47706325084731,NA,NA,NA,NA,NA,"Unclassified Acidimicrobiia",FALSE,FALSE,"",FALSE,FALSE,""
"8ba690413c85a2d1ca07752c7530803c",NA,NA,24.9341608580494,NA,-0.300042265645147,NA,NA,NA,"Acidithiobacillales",FALSE,FALSE,"",FALSE,FALSE,""
"8f09d0e9a896102f0926d8ddf73e7eb7",NA,NA,-24.809780367731,NA,3.51553452501101,0.995169205101226,-2.0957050292253,NA,"Burkholderiales",FALSE,FALSE,"",FALSE,FALSE,""
"c52225a74d118e32d0834853b27159b5",NA,NA,23.8237375178345,NA,-6.85702175315852,0.226026372622842,23.7736607954068,NA,"DSM-16500",FALSE,FALSE,"",FALSE,FALSE,""
"dfbeb16dc2a296d2c4e5c21e28455dd2",NA,NA,NA,NA,0.744709517893436,0.995169205101226,NA,NA,"Paceibacterales",FALSE,FALSE,"",FALSE,FALSE,""
"a6577b0941775769269b8dd91a1d44ec",NA,NA,NA,NA,-22.354626443227,NA,NA,NA,"RBG-16-68-12",FALSE,FALSE,"",FALSE,FALSE,""
"bf9be3c104ea0c19d3f4b41dd1862a89",NA,NA,NA,NA,-8.95831161734965,NA,NA,NA,"Unclassified Paceibacteria",FALSE,FALSE,"",FALSE,FALSE,""
"adf021246bf5a52687193edea42671ef",NA,NA,NA,NA,22.9522644354638,NA,NA,NA,"Babeliales",FALSE,FALSE,"",FALSE,FALSE,""
"fec95878e9323087b609f4cd86b3cc8b",NA,NA,NA,NA,-24.9896465726493,NA,NA,NA,"Opitutales",FALSE,FALSE,"",FALSE,FALSE,""
"e5d84d0b9dd8040fcdac521fada728a8",NA,NA,NA,NA,22.7552871859286,NA,NA,NA,"Pedosphaerales",FALSE,FALSE,"",FALSE,FALSE,""
"38fe7cdad46ee97cd12b232f8cd2aca7",NA,NA,NA,NA,22.9358765753452,NA,NA,NA,"GIF10",FALSE,FALSE,"",FALSE,FALSE,""
"7496671ed8f70f49b6f48d2368db5626",NA,NA,NA,NA,-1.41120271063663,NA,23.0363919554259,NA,"Cyanobacteriales",FALSE,FALSE,"",FALSE,FALSE,""
"21d86b5d037137872916eda48e650a62",NA,NA,NA,NA,23.0451459121758,NA,NA,NA,"Tepidiformales",FALSE,FALSE,"",FALSE,FALSE,""
"1fec1ed0027d30ef5f80f65c663bafc5",NA,NA,NA,NA,22.4848888349092,NA,-26.3544401476296,7.58181244064717e-10,"Aggregatilineales",FALSE,FALSE,"",FALSE,TRUE,""
"a4a5ac8564fbf1db869ad667f4315eff",NA,NA,NA,NA,23.262781611891,NA,NA,NA,"Planctomycetales",FALSE,FALSE,"",FALSE,FALSE,""
"59470531649449e66a30d968901a4763",NA,NA,NA,NA,4.32796994819896,0.984635073753912,NA,NA,"Gemmatales",FALSE,FALSE,"",FALSE,FALSE,""
"68bcda32be34ff9e7cc262f6fe275be6",NA,NA,NA,NA,23.1004693468195,NA,22.4686174845395,NA,"WQYP01",FALSE,FALSE,"",TRUE,FALSE,""
"d915961fff71b0b410365e024d4db38d",NA,NA,NA,NA,23.0502993809773,NA,NA,NA,"DSUL01",FALSE,FALSE,"",FALSE,FALSE,""
"4b92a12c127f465eb0ed54ded1e3e329",NA,NA,NA,NA,24.2490820342576,NA,NA,NA,"Vicinamibacterales",FALSE,FALSE,"",FALSE,FALSE,""
"c7913edfda262b47b71f8cb7246a75f3",NA,NA,NA,NA,24.1236264584062,NA,21.1789778723374,NA,"Treponematales",FALSE,FALSE,"",TRUE,FALSE,""
"a165bf51d50346e911f950396eded741",NA,NA,NA,NA,-23.8118332597213,NA,NA,NA,"Selenomonadales",FALSE,FALSE,"",FALSE,FALSE,""
"3fbe30c40b6233edc057fe6d61dc7d7d",NA,NA,NA,NA,22.0763575922317,NA,22.4741810106751,NA,"Streptomycetales",FALSE,FALSE,"",TRUE,FALSE,""
"8ddf8ae3826f084467066355b1b1c18a",NA,NA,NA,NA,-22.9855579054307,NA,NA,NA,"Unclassified Desulfobacterota_C",FALSE,FALSE,"",FALSE,FALSE,""
"426a4453ab2973d926b156da5710819a",NA,NA,NA,NA,-1.18913467882348,NA,NA,NA,"Palsa-1104_A",FALSE,FALSE,"",FALSE,FALSE,""
"a2794d9a683656c92fe04e0f5fe1e449",NA,NA,NA,NA,22.7074454514792,NA,NA,NA,"Syntrophobacterales",FALSE,FALSE,"",FALSE,FALSE,""
"8550561c2fdadd7f67c40b816b48c1ef",NA,NA,NA,NA,-23.3014016040511,NA,NA,NA,"Oligoflexales",FALSE,FALSE,"",FALSE,FALSE,""
"850dd59997cd860e8fe18e3268e86e70",NA,NA,NA,NA,-23.3954940513501,NA,NA,NA,"Rhizobiales_A",FALSE,FALSE,"",FALSE,FALSE,""
"e73096ccb9c6b2d19edd28aba6202d7c",NA,NA,NA,NA,21.7928143997353,NA,NA,NA,"Rhodospirillales",FALSE,FALSE,"",FALSE,FALSE,""
"40d5327bed1fddfb379c33d12322d361",NA,NA,NA,NA,23.2949023608787,NA,NA,NA,"Micavibrionales",FALSE,FALSE,"",FALSE,FALSE,""
"4c65fe994172a674fb753d63c6f93f9a",NA,NA,NA,NA,21.2840930786661,NA,23.8244546695106,NA,"Thermoactinomycetales",FALSE,FALSE,"",TRUE,FALSE,""
"30be3f21e278e5b6e83bba62d455fa91",NA,NA,NA,NA,-24.7373595070691,NA,NA,NA,"Acidulodesulfobacterales",FALSE,FALSE,"",FALSE,FALSE,""
"83ed7de6a0f63ad7ef724503e04498c0",NA,NA,NA,NA,0.717676312433888,NA,NA,NA,"TANB77",FALSE,FALSE,"",FALSE,FALSE,""
"029bdcfeee7f09ec337010a17c9945d9",NA,NA,NA,NA,-23.1956669943356,NA,22.349382097109,NA,"Acetivibrionales",FALSE,FALSE,"",FALSE,FALSE,""
"b1ada5450306be8190fe085fc59a5954",NA,NA,NA,NA,22.9583912777579,NA,NA,NA,"Gaiellales",FALSE,FALSE,"",FALSE,FALSE,""
"1f6eef91cea08599638ee46a4c7e7c99",NA,NA,NA,NA,22.9156121637828,NA,NA,NA,"Berkiellales",FALSE,FALSE,"",FALSE,FALSE,""
"b1027ab906ae1c9f582c251f422ba320",NA,NA,NA,NA,-23.746664827196,NA,NA,NA,"Diplorickettsiales",FALSE,FALSE,"",FALSE,FALSE,""
"ec7d2fab65ba478da5c32c9a7594642e",NA,NA,NA,NA,-24.7643169457977,NA,25.0223804434325,NA,"Holophagales",FALSE,FALSE,"",FALSE,FALSE,""
"705158eef551ec080dd66226b645c0fe",NA,NA,NA,NA,22.4151767063146,NA,NA,NA,"Bacillales_D",FALSE,FALSE,"",FALSE,FALSE,""
"98efba6e4e3e6a0f52c2727c91619f72",NA,NA,NA,NA,-4.71141423299871,0.837599687838901,NA,NA,"Bacillales_B",FALSE,FALSE,"",FALSE,FALSE,""
"bb4e56f75b6a7bb46a5af5792a0f003c",NA,NA,NA,NA,-22.9861465540691,NA,NA,NA,"Bacillales_C",FALSE,FALSE,"",FALSE,FALSE,""
"d8ec63d34841f558e0adca3e1f9c4f62",NA,NA,NA,NA,21.9379142950237,NA,NA,NA,"Thermicanales",FALSE,FALSE,"",FALSE,FALSE,""
"58b0b02468dbe1a3d123dcc7acedd4fb",NA,NA,NA,NA,-24.7149026769007,NA,NA,NA,"Burkholderiales",FALSE,FALSE,"",FALSE,FALSE,""
"a8703b4c215413b89a7475cdd6420ff0",NA,NA,NA,NA,2.42423899627001,0.995169205101226,NA,NA,"Pseudomonadales",FALSE,FALSE,"",FALSE,FALSE,""
"b212c07c7a19c7ac62501eb81de4309f",NA,NA,NA,NA,NA,NA,-24.4239568538311,7.17463803082768e-09,"Unclassified Thermoplasmata",FALSE,FALSE,"",FALSE,TRUE,""
"b0cbcd44ec19c09d0553954e1ea04a70",NA,NA,NA,NA,NA,NA,23.863504159536,NA,"Hydrogenedentiales",FALSE,FALSE,"",FALSE,FALSE,""
"fdaa0076de7e870bf7067cee4efa1ad0",NA,NA,NA,NA,NA,NA,21.7817093959477,NA,"Thermoanaerobaculales",FALSE,FALSE,"",FALSE,FALSE,""
"9e3c0d7bc15f6411f76c1e933b5e7be0",NA,NA,NA,NA,NA,NA,-25.945210486703,9.76180895668958e-10,"RBG-13-43-22",FALSE,FALSE,"",FALSE,TRUE,""
"b2f917933d93ce136305d2932a9ed386",NA,NA,NA,NA,NA,NA,-8.90656701389319,0.0695494576560205,"Unclassified Desulfobacterota_I",FALSE,FALSE,"",FALSE,FALSE,""
"02c588455cf584b99ce7da25edbe2e5b",NA,NA,NA,NA,NA,NA,23.7863320475739,NA,"Geminicoccales",FALSE,FALSE,"",FALSE,FALSE,""
"4118c752bf241af040596d03c7a366ff",NA,NA,NA,NA,NA,NA,25.1371607471311,2.08576003908564e-09,"Dehalobacteriales",FALSE,FALSE,"",FALSE,TRUE,""
"d6861de89e8c6f692a58a6a6e2a0e3c1",NA,NA,NA,NA,NA,NA,22.6286060556216,NA,"Unclassified Cyanobacteriia",FALSE,FALSE,"",FALSE,FALSE,""
"5a44d3b6635b35994d21f4c9c87ed91e",NA,NA,NA,NA,NA,NA,-26.589396255717,4.54918562147364e-10,"Acidiferrobacterales",FALSE,FALSE,"",FALSE,TRUE,""
"41a748491bbb6a2abeeddbe6ba353232",NA,NA,NA,NA,NA,NA,-26.6804177439288,4.54918562147364e-10,"Burkholderiales",FALSE,FALSE,"",FALSE,TRUE,""
"61cafc87e9a8ec02baa9509c03357719",NA,NA,NA,NA,NA,NA,22.915370343972,NA,"Methylococcales",FALSE,FALSE,"",FALSE,FALSE,""
